,0
0,Soulworker
1,Divinity: Original Sin 2 - Definitive Edition
2,封灵档案
3,Black Desert
4,Realm of the Mad God Exalt
5,Total War: SHOGUN 2
6,Secret Neighbor: Hello Neighbor Multiplayer
7,Gloria Victis: Medieval MMORPG
8,TERA - Action MMORPG
9,探灵笔记/拾遗记-1V5(Notes of Soul)
10,VALKYRIE CONNECT
11,恐惧之间 Fear surrounds
12,Kritika:REBOOT
13,HELLDIVERS™ Dive Harder Edition
14,Fantasy Grounds Unity
15,NosTale - Anime MMORPG
16,Home Sweet Home : Survive
17,大秦帝国
18,CONFLICT OF NATIONS: WORLD WAR 3
19,From the Depths
20,DYNASTY WARRIORS 9 Complete Edition / 真・三國無双８ オールシーズンパスエディション
21,Endless World Idle RPG
22,GranAge
23,We Need To Go Deeper
24,Guardian Chronicle
25,WAKFU
26,Sins of a Solar Empire® - Ultimate Edition
27,WAR DUST | 32 vs 32 Battles
28,La Tale - Evolved
29,Cook-Out
30,DYNASTY WARRIORS 9 Special Scenario Edition / 真・三國無双８ 追加シナリオエディション
31,Diesel Brothers: Truck Building Simulator
32,Dominions 5 - Warriors of the Faith
33,Dark Deception: Monsters & Mortals
34,DYNASTY WARRIORS 9 Special Weapon Edition / 真・三國無双８ 追加武器エディション
35,"Warhammer 40,000: Inquisitor - Prophecy"
36,SWORDS of GARGANTUA
37,Last Year: The Nightmare
38,Kingdom Under Fire 2
39,Pixel Strike 3D
40,LOST EGG 2: Be together
41,Kind Words (lo fi chill beats to write to)
42,NITE Team 4 - Military Hacking Division
43,War Islands: A Co-op Adventure
44,Legion TD 2 - Multiplayer Tower Defense
45,传奇世界之仗剑天涯H5
46,Dragon Marked For Death
47,GangV | Civil Battle Royale
48,Mysterium: A Psychic Clue Game
49,Loco Parentis VR
50,Hashiriya Drifter-Online Drift Racing Multiplayer (DRIFT/DRAG/RACING)
51,SpellForce 3: Versus Edition
52,Awesomenauts - the 2D moba
53,Loco Parentis / 孤女咒怨
54,Rebirth Online
55,模拟帝国
56,AirMech Wastelands
57,EARTH DEFENSE FORCE: IRON RAIN
58,Electronauts - VR Music
59,WWII Online
60,Trickster VR: Co-op Dungeon Crawler
61,Kukoro: Stream chat games
62,Acron: Attack of the Squirrels!
63,Metaverse Keeper / 元能失控
64,FORCED: Slightly Better Edition
65,Kakele Online - MMORPG
66,ToeJam & Earl: Back in the Groove!
67,Outside In: The Ultimate Friendship Test
68,POLYGON: Multiplayer Shooter
69,PROP AND SEEK®
70,Hide & Hold Out - H2o
71,Мафия Онлайн: Дикий Запад
72,G2 Fighter / 基因特工
73,汉匈决战/Han Xiongnu Wars
74,Mark & Lara: Partners In Justice
75,Clash of Irons
76,MEMORIES OF MARS
77,Shoppe Keep 2 - Online co-op open world first person resource management RPG
78,Wolflord - Werewolf Online
79,Astellia Royal
80,GearStorm - Armored Survival
81,Reign Of Kings
82,SG/ZH: School Girl/Zombie Hunter
83,Rogue Trooper Redux
84,WWE 2K BATTLEGROUNDS
